"Title","Description","BiocVersion","Genome","SourceType","SourceUrl","SourceVersion","Species","TaxonomyId","Coordinate_1_based","DataProvider","Maintainer","RDataClass","DispatchClass","Location_Prefix","RDataPath"
"cpgdirection lookup_blood_hg19","Blood catalogue lookup: 1,663,799 CpG-gene pairs (641,325 CpGs, hg19) with predicted methylation-expression direction, calibrated probability, confidence and evidence tier","3.23","hg19","CSV","https://doi.org/10.5281/zenodo.22225163","2.99.6","Homo sapiens",9606,TRUE,"Ein-Dor lab, Reichman University (cpgdirection project)","Tsachi Ein-Dor <teindor@runi.ac.il>","data.frame","Rds","https://zenodo.org/","records/23122949/files/lookup_blood_hg19.rds"
"cpgdirection lookup_nasal_epithelium_hg19","Nasal epithelium catalogue lookup: 1,472,435 CpG-gene pairs (553,145 CpGs, hg19)","3.23","hg19","CSV","https://doi.org/10.5281/zenodo.22225163","2.99.6","Homo sapiens",9606,TRUE,"Ein-Dor lab, Reichman University (cpgdirection project)","Tsachi Ein-Dor <teindor@runi.ac.il>","data.frame","Rds","https://zenodo.org/","records/23122949/files/lookup_nasal_epithelium_hg19.rds"
"cpgdirection lookup_solid_tissue_hg19","Solid tissue catalogue lookup: 849,229 CpG-gene pairs (454,821 CpGs, hg19)","3.23","hg19","CSV","https://doi.org/10.5281/zenodo.22225163","2.99.6","Homo sapiens",9606,TRUE,"Ein-Dor lab, Reichman University (cpgdirection project)","Tsachi Ein-Dor <teindor@runi.ac.il>","data.frame","Rds","https://zenodo.org/","records/23122949/files/lookup_solid_tissue_hg19.rds"
"cpgdirection smr_directions","Two-sample SMR causal directions (GoDMC mQTL x eQTLGen cis-eQTL, blood): 413,982 CpG-gene pairs with tier, p_SMR, instruments and HEIDI results","3.23","hg19","CSV","https://doi.org/10.5281/zenodo.22225163","2.99.6","Homo sapiens",9606,TRUE,"Ein-Dor lab, Reichman University (cpgdirection project)","Tsachi Ein-Dor <teindor@runi.ac.il>","data.frame","Rds","https://zenodo.org/","records/23122949/files/smr_directions.rds"
"cpgdirection cpg_positions_hg19","EPIC v2 probe positions lifted to hg19: 930,178 probes","3.23","hg19","CSV","https://doi.org/10.5281/zenodo.22225163","2.99.6","Homo sapiens",9606,TRUE,"Ein-Dor lab, Reichman University (cpgdirection project)","Tsachi Ein-Dor <teindor@runi.ac.il>","data.frame","Rds","https://zenodo.org/","records/23122949/files/cpg_positions_hg19.rds"
"cpgdirection brain_directions","Brain SMR causal directions (Brain-mMeta x BrainMeta v2): 220,383 CpG-gene pairs with tier and score","3.23","hg19","CSV","https://doi.org/10.5281/zenodo.22225163","2.99.6","Homo sapiens",9606,TRUE,"Ein-Dor lab, Reichman University (cpgdirection project)","Tsachi Ein-Dor <teindor@runi.ac.il>","data.frame","Rds","https://zenodo.org/","records/23122949/files/brain_directions.rds"
"cpgdirection saliva_bridge_scores","Genome-wide synthesised saliva-bridge scores (periphery-to-brain concordance ensemble percentiles)","3.23","hg19","CSV","https://doi.org/10.5281/zenodo.22225163","2.99.6","Homo sapiens",9606,TRUE,"Ein-Dor lab, Reichman University (cpgdirection project)","Tsachi Ein-Dor <teindor@runi.ac.il>","data.frame","Rds","https://zenodo.org/","records/23122949/files/saliva_bridge_scores.rds"
"cpgdirection epicv2_probe_gene_annotation","Multi-source EPIC v2 probe-to-gene annotation: 1,006,212 CpG-gene pairs (793,233 CpGs) as the union of five annotation tracks (Illumina UCSC RefGene, Illumina GencodeV41, Zhou GENCODE v41, Exeter GENCODE 49 (re-annotated manifest v3.0), Exeter regulatory elements) with per-track support flags, agreement counts and the Exeter Promoter_2000bp/Enhancer_5000bp labels","3.23","hg38","CSV","https://doi.org/10.5281/zenodo.22225163","2.99.6","Homo sapiens",9606,TRUE,"Ein-Dor lab, Reichman University (cpgdirection project)","Tsachi Ein-Dor <teindor@runi.ac.il>","data.frame","Rds","https://zenodo.org/","records/23122949/files/epicv2_probe_gene_annotation.rds"
"cpgdirection distal_links","Distal CpG-to-gene links: ENCODE-rE2G thresholded enhancer-gene predictions (Gschwind et al. 2026) for 26 resting blood cell types and brain regions/cell types (47 released ENCODE annotation sets), intersected with EPIC v2 probe positions (hg38) and keyed on the cg identifier: 8,036,254 rows, 1,149,157 CpG-gene pairs (514,549 CpGs); one row per CpG x gene x source x biosample with the rE2G score and a tissue class (blood/brain). A link proposes a target and carries no direction","3.23","hg38","CSV","https://doi.org/10.5281/zenodo.22225163","2.99.6","Homo sapiens",9606,TRUE,"Ein-Dor lab, Reichman University (cpgdirection project)","Tsachi Ein-Dor <teindor@runi.ac.il>","data.frame","Rds","https://zenodo.org/","records/23122949/files/distal_links.rds"
"cpgdirection onco_eqtm_consensus","Onco-eQTM cross-tumour cis-eQTM consensus (Korra et al. 2026; 27 TCGA cancer types, 450K, hg19): 2,464,990 CpG-gene pairs with consensus direction, agreement tier (O1 >= 5 cancers agreeing: 113,560; O2 2-4 agreeing; O3 disagreeing; O4 single cancer), number of cancer types and correlation summaries recovered from the t statistics. Reported beside, never inside, the peripheral direction call","3.23","hg19","CSV","https://doi.org/10.5281/zenodo.22225163","2.99.6","Homo sapiens",9606,TRUE,"Ein-Dor lab, Reichman University (cpgdirection project)","Tsachi Ein-Dor <teindor@runi.ac.il>","data.frame","Rds","https://zenodo.org/","records/23122949/files/onco_eqtm_consensus.rds"
